tagID,tag
1,funny
2,Highly quotable
3,will ferrell
4,Boxing story
5,MMA
6,Tom Hardy
7,drugs
8,Leonardo DiCaprio
9,Martin Scorsese
10,way too long
11,Al Pacino
12,gangster
13,mafia
14,
15,Mafia
16,holocaust
17,true story
18,twist ending
19,Anthony Hopkins
20,courtroom drama
21,
22,britpop
23,indie record label
24,music
25,dumpster diving
26,Sustainability
27,romantic comedy
28,wedding
29,painter
30,bloody
31,black hole
32,sci-fi
33,time-travel
34,fantasy
35,magic board game
36,Robin Williams
37,beautiful scenery
38,epic
39,historical
40,inspirational
41,Medieval
42,mel gibson
43,Oscar (Best Cinematography)
44,revenge
45,sword fight
46,black comedy
47,Christina Ricci
48,Christopher Lloyd
49,dark comedy
50,family
51,gothic
52,
53,Andy Garcia
54,Classic
55,Francis Ford Coppola
56,
57,
58,
59,
60,Family
61,
62,quirky
63,
64,
65,Macaulay Culkin
66,sequel
67,animation
68,Disney
69,
70,original
71,Pixar
72,
73,Tom Hanks
74,ancient Rome
75,Epic
76,history
77,imdb top 250
78,
79,Rome
80,Russell Crowe
81,Ed Harris
82,Jude Law
83,Rachel Weisz
84,sniper
85,World War II
86,
87,atmospheric
88,Hilary Swank
89,
90,
91,violent
92,dogs
93,Eric Bana
94,mad scientist
95,marvel
96,captain nemo
97,comic book
98,
99,Peta Wilson
100,Sean Connery
101,superhero
102,adventure
103,Angelina Jolie
104,heroine in tight suit
105,Adventure
106,ensemble cast
107,
108,fantasy world
109,great soundtrack
110,lord of the rings
111,scenic
112,stylized
113,Tolkien
114,hilarious
115,Steve Carell
116,Will Ferrell
117,
118,anime
119,cyberpunk
120,dark
121,Matrix
122,
123,
124,Jim Carrey
125,meryl streep
126,
127,
128,Adam Sandler
129,
130,sweet
131,British gangster
132,confusing
133,daniel craig
134,Exquisite plotting.
135,organized crime
136,stylish
137,
138,
139,
140,Hayao Miyazaki
141,Studio Ghibli
142,David Thewlis
143,Eva Green
144,Liam Neeson
145,Orlando Bloom
146,Chris Evans
147,
148,
149,Jessica Alba
150,sexy female scientist
151,
152,
153,helena bonham carter
154,Johnny Depp
155,Tim Burton
156,visually appealing
157,
158,clever
159,fast-paced dialogue
160,good dialogue
161,Robert Downey Jr.
162,witty
163,
164,Audrey Tautou
165,conspiracy theory
166,Mystery
167,Paris
168,
169,treasure hunt
170,Brad Pitt
171,cate blanchett
172,multiple storylines
173,social commentary
174,Ben Stiller
175,
176,emma thompson
177,Maggie Gyllenhaal
178,modern fantasy
179,romance
180,surreal
181,
182,Marion Cotillard
183,Africa
184,corruption
185,Jennifer Connelly
186,justice
187,
188,bad acting
189,bad jokes
190,bad plot
191,
192,
193,Marvel
194,
195,
196,Ryan Reynolds
197,
198,lion
199,narnia
200,Tilda Swinton
201,bad script
202,Charlize Theron
203,Will Smith
204,Anne Hathaway
205,
206,comedy
207,
208,
209,
210,James Franco
211,Seth Rogen
212,Stoner Movie
213,audience intelligence underestimated
214,boring
215,chick flick
216,overrated
217,Teen movie
218,Adrien Brody
219,con artists
220,
221,interesting characters
222,Mark Ruffalo
223,
224,Bill Murray
225,
226,Emma Stone
227,
228,Jesse Eisenberg
229,Woody Harrelson
230,
231,CGI
232,cheesy
233,
234,DC
235,DC Comics
236,
237,space
238,
239,
240,
241,happy ending
242,HOT actress
243,Justin Timberlake
244,Mila Kunis
245,New York City
246,
247,sex
248,Istanbul
249,
250,predictable
251,Turkey
252,unnecessary sequel
253,action
254,Christoph Waltz
255,
256,good soundtrack
257,Great performances
258,Humour
259,
260,Quentin Tarantino
261,Samuel L. Jackson
262,Soundtrack
263,western
264,Amy Adams
265,
266,daniel radcliffe
267,zoe kazan
268,
269,
270,stupid but funny
271,
272,anti-intellectual
273,bad writing
274,dystopia
275,new society
276,plot holes
277,
278,scifi
279,unintelligent
280,
281,
282,Seth MacFarlane
283,
284,
285,
286,
287,post-apocalyptic
288,survival
289,thriller
290,unexplained
291,weak plot
292,dark hero
293,gun-fu
294,Keanu Reeves
295,Revenge
296,secret society
297,
298,
299,
300,dark humor
301,ironic
302,multiple short stories
303,short stories
304,bromance
305,
306,
307,
308,
309,
310,Dr. Strange
311,Great villain
312,Guardians of the Galaxy
313,
314,MCU
315,
316,Thanos
317,Thor
318,Visually stunning
319,characters
320,Dialogue
321,humor
322,Kurt Russell
323,
324,
325,tension building
326,
327,Western
328,
329,Jennifer Lawrence
330,love story
331,nonsense
332,politics
333,rebellion
334,revolution
335,Ben Kingsley
336,ethics
337,immortality
338,ryan reynolds
339,Bad story
340,Bad writing
341,Batman
342,Ben Affleck
343,
344,dc comics
345,
346,Harley Quinn
347,Harley Quinn's ass
348,Horrible directing
349,Jared Leto
350,Joker
351,lack of plot
352,Margot Robbie
353,Poor story
354,poorly paced
355,
356,
357,
358,
359,batman
360,ben affleck
361,
362,
363,Gal Gadot
364,
365,superman
366,wonderwoman
367,leonardo DiCarpio
368,
369,tom hardy
370,
371,building a family
372,creative
373,freedom
374,good writing
375,individualism
376,Viggo Mortensen
377,
378,
379,gun tactics
380,hitman
381,
382,
383,
384,Dystopia
385,future
386,interesting
387,jon hamm
388,thought provoking
389,Action
390,Comedy
391,Dwayne Johnson
392,
393,
394,
395,Rachel McAdams
396,
397,Alicia Vikander
398,video game adaptation
399,Josh Brolin
400,
401,sarcasm
402,Emilia Clarke
403,star wars
404,classic
405,space action
406,
407,
408,EPIC
409,
410,
411,
412,non-linear
413,Everything you want is here
414,
415,classic sci-fi
416,engrossing adventure
417,
418,
419,Nerd
420,
421,
422,stone age
423,
424,killer
425,widows/widowers
426,
427,kids
428,robots
429,
430,murder
431,police
432,Kevin Costner
433,Post apocalyptic
434,
435,
436,irreverent
437,jay and silent bob
438,Kevin Smith
439,satire
440,
441,based on a book
442,
443,brutal
444,controversial
445,
446,goretastic
447,
448,
449,
450,violence
451,alternate reality
452,
453,science fiction
454,time travel
455,
456,
457,Disturbing
458,great ending
459,mindfuck
460,surprise ending
461,suspense
462,cruel characters
463,brutality
464,
465,threesome
466,
467,Sexual Humor
468,
469,embarassing scenes
470,offensive
471,R language
472,
473,
474,80's
475,Crude humor
476,
477,
478,
479,Vulgar
480,sofia coppola
481,John Cusack
482,Ewan McGregor
483,Renee Zellweger
484,jackie chan
485,kung fu
486,Something for everyone in this one... saw it without and plan on seeing it with kids!
487,assassin
488,Jean Reno
489,
490,assassin-in-training (scene)
491,espionage
492,Robert Ludlum
493,test tag
494,feel-good
495,fun family movie
496,very funny
497,black and white
498,Christopher Nolan
499,directorial debut
500,
501,not linear
502,Twist Ending
503,
504,
505,hugh jackman
506,
507,
508,
509,Mindfuck
510,nonlinear
511,psychology
512,
513,alan rickman
514,harry potter
515,humorous
516,Magic
517,
518,insomnia
519,thought-provoking
520,amazing artwork
521,
522,
523,
524,end of the world
525,
526,mecha
527,
528,
529,
530,gintama
531,remaster
532,
533,
534,space epic
535,
536,cult film
537,dreamlike
538,hallucinatory
539,psychological
540,
541,
542,
543,sentimental
544,
545,
546,
547,memory
548,
549,cinematography
550,India
551,
552,oldie but goodie
553,
554,Star Wars
555,big wave
556,surfing
557,ummarti2006
558,
559,high school
560,
561,Notable Nudity
562,moldy
563,old
564,moving
565,
566,a clever chef rat
567,
568,
569,hope
570,
571,
572,mathematics
573,zombies
574,DEPRESSING
575,stupid
576,
577,Favelas
578,
579,
580,
581,narrated
582,reciprocal spectator
583,
584,documentary
585,Animation
586,Documentary
587,Henry Darger
588,the catholic church is the most corrupt organization in history
589,childish naivity
590,friendship
591,
592,Bechdel Test:Fail
593,cartoon
594,children
595,computer animation
596,divorce
597,
598,dreams
599,
600,Narrative pisstake
601,american idolatry
602,
603,Coen Brothers
604,Jeff Bridges
605,Matt Damon
606,
607,celebrity fetishism
608,mediacentralism
609,system holism
610,city politics
611,italy
612,political right versus left
613,Creature Feature
614,
615,music industry
616,remix culture
617,film history
618,poetic
619,representation of children
620,
621,Disney animated feature
622,Oscar (Best Music - Original Score)
623,
624,
625,
626,
627,
628,awesome
629,british comedy
630,pixar
631,
632,knights
633,highschool
634,cult
635,boksdrama
636,stiller
637,wapendrama
638,
639,sisters
640,ROBOTS AND ANDROIDS
641,
642,post-college
643,restaurant
644,transvestite
645,
646,
647,
648,
649,Paul Rudd
650,quotable
651,seen more than once
652,Amazing Cinematography
653,
654,shakespeare
655,updated classics
656,Atmospheric
657,Bruce Willis
658,ghosts
659,
660,
661,
662,
663,android(s)/cyborg(s)
664,artificial intelligence
665,Bittersweet
666,Steven Spielberg
667,
668,
669,Bette Davis
670,Oscar (Best Actress)
671,
672,
673,High School
674,lesbian subtext
675,
676,
677,
678,undercover cop
679,Christian Bale
680,Casey Affleck
681,great performances
682,twist
683,ending
684,
685,
686,
687,
688,
689,Morgan Freeman
690,political commentary
691,
692,Afghanistan
693,American propaganda
694,assassination
695,military
696,terrorism
697,
698,mystery
699,
700,
701,
702,
703,tricky
704,
705,addiction
706,heroin
707,
708,Mark Wahlberg
709,
710,
711,Nudity (Full Frontal)
712,cynical
713,
714,independent film
715,
716,
717,
718,
719,space adventure
720,
721,
722,
723,
724,psychedelic
725,
726,
727,
728,
729,
730,Tarantino
731,soundtrack
732,
733,
734,apocalypse
735,Arnold Schwarzenegger
736,nuclear war
737,
738,Suspense
739,
740,based on a true story
741,
742,KIDNAPPING
743,Steve Buscemi
744,edward norton
745,
746,
747,
748,
749,
750,
751,
752,
753,freedom of expression
754,
755,Monty Python
756,emotional
757,jack nicholson
758,
759,archaeology
760,indiana jones
761,
762,
763,
764,aliens
765,horror
766,
767,
768,space craft
769,SPACE TRAVEL
770,
771,Alfred Hitchcock
772,
773,suspenseful
774,tense
775,
776,
777,
778,Sci-Fi
779,special effects
780,
781,
782,
783,disturbing
784,Horror
785,
786,masterpiece
787,
788,Stanley Kubrick
789,
790,
791,Juliette Lewis
792,
793,Robert De Niro
794,
795,
796,plot twist
797,
798,
799,
800,
801,
802,mental illness
803,
804,paranoid
805,
806,crude humor
807,goofy
808,
809,creepy
810,paranoia
811,scary
812,
813,SNL
814,
815,Nicolas Cage
816,martial arts
817,
818,adult humor
819,
820,
821,free speech
822,parody
823,
824,south park
825,Trey Parker
826,
827,
828,
829,
830,
831,
832,
833,
834,
835,obsession
836,
837,secrets
838,serial killer
839,
840,asylum
841,
842,Brittany Murphy
843,Mental Hospital
844,
845,winona ryder
846,claustrophobic
847,
848,
849,stephen king
850,
851,
852,
853,
854,
855,scifi cult
856,
857,
858,
859,
860,
861,
862,
863,ben stiller
864,
865,David Bowie
866,
867,mindless one liners
868,
869,jake gyllenhaal
870,
871,high fantasy
872,
873,mythology
874,tolkien
875,wizards
876,
877,samurai
878,
879,
880,
881,
882,Rob Zombie
883,jim carrey
884,
885,
886,
887,
888,powerful ending
889,
890,schizophrenia
891,
892,
893,lesbian
894,
895,
896,
897,Jake Gyllenhaal
898,Modern war
899,
900,Jack Nicholson
901,
902,
903,
904,based on a play
905,
906,
907,Insanity
908,
909,PTSD
910,
911,
912,claymation
913,
914,
915,dark fairy tale
916,Surreal
917,
918,
919,
920,
921,
922,
923,insanity
924,
925,
926,
927,
928,Psychological Thriller
929,
930,
931,
932,
933,
934,
935,
936,stranded
937,alter ego
938,
939,
940,
941,
942,
943,illusions
944,overcomplicated
945,
946,stupid ending
947,absorbing
948,acting
949,
950,Hugh Jackman
951,
952,morality
953,
954,
955,
956,
957,uplifting
958,
959,
960,too long
961,
962,
963,
964,
965,
966,Metaphorical
967,
968,annoying
969,Stupid ending
970,
971,
972,
973,
974,Myth
975,
976,
977,Cambodia
978,crime
979,human rights
980,
981,procedural
982,
983,game
984,pregnancy
985,remake
986,
987,
988,president
989,
990,
991,
992,Jane Austen
993,Hollywood
994,
995,alcoholism
996,Shakespeare
997,In Netflix queue
998,
999,kidnapping
1000,
1001,teacher
1002,
1003,Animal movie
1004,pigs
1005,death penalty
1006,Nun
1007,twins
1008,Emma
1009,
1010,
1011,South Africa
1012,
1013,England
1014,Journalism
1015,
1016,
1017,heist
1018,adoption
1019,prostitution
1020,writing
1021,
1022,Jekyll and Hyde
1023,theater
1024,
1025,golf
1026,muppets
1027,Scotland
1028,
1029,Holocaust
1030,dating
1031,journalism
1032,moon
1033,NASA
1034,
1035,
1036,Michael Crichton
1037,submarine
1038,
1039,computers
1040,Made me cry
1041,generation X
1042,school
1043,Ireland
1044,
1045,
1046,
1047,Stephen King
1048,
1049,movie business
1050,basketball
1051,France
1052,infertility
1053,
1054,Australia
1055,Beethoven
1056,Einstein
1057,court
1058,darth vader
1059,luke skywalker
1060,space opera
1061,Louisa May Alcott
1062,
1063,Girl Power
1064,
1065,
1066,
1067,Christmas
1068,
1069,prison
1070,disability
1071,
1072,
1073,hit men
1074,
1075,TV
1076,Death
1077,marriage
1078,
1079,
1080,
1081,
1082,wrongful imprisonment
1083,
1084,Enterprise
1085,
1086,
1087,coma
1088,
1089,weddings
1090,cross dressing
1091,men in drag
1092,remade
1093,Tom Clancy
1094,John Grisham
1095,interracial romance
1096,shrimp
1097,Vietnam
1098,
1099,gambling
1100,
1101,
1102,
1103,
1104,bus
1105,spies
1106,
1107,Edith Wharton
1108,horses
1109,
1110,
1111,President
1112,
1113,based on a TV show
1114,hula hoop
1115,
1116,
1117,biopic
1118,Dinosaur
1119,Japan
1120,sexuality
1121,
1122,
1123,
1124,
1125,AIDs
1126,radio
1127,show business
1128,Butler
1129,Housekeeper
1130,
1131,
1132,racism
1133,
1134,football
1135,
1136,chess
1137,
1138,C.S. Lewis
1139,large cast
1140,race
1141,Empire State Building
1142,
1143,beat poetry
1144,
1145,Halloween
1146,
1147,adolescence
1148,christmas
1149,
1150,
1151,
1152,American Indians
1153,Native Americans
1154,
1155,Hannibal Lector
1156,
1157,
1158,
1159,
1160,
1161,
1162,priest
1163,babies
1164,Gulf War
1165,
1166,
1167,
1168,spoof
1169,Bugs Bunny
1170,Veterinarian
1171,Aardman
1172,
1173,Alcatraz
1174,Disaster
1175,
1176,
1177,Atomic bomb
1178,drug abuse
1179,
1180,
1181,
1182,
1183,adultery
1184,
1185,
1186,
1187,
1188,
1189,
1190,
1191,
1192,Capote
1193,falling
1194,voyeurism
1195,Screwball
1196,Brooch
1197,
1198,Mount Rushmore
1199,
1200,
1201,
1202,start of a beautiful friendship
1203,statue
1204,George Bernard Shaw
1205,rich guy - poor girl
1206,Italy
1207,royalty
1208,1900s
1209,Dorothy
1210,Toto
1211,Civil War
1212,television
1213,movies
1214,Rosebud
1215,Hal
1216,
1217,
1218,
1219,Mrs. DeWinter
1220,Europe
1221,
1222,war
1223,
1224,amnesia
1225,
1226,Cold War
1227,Russia
1228,
1229,swashbuckler
1230,
1231,
1232,Shangri-La
1233,Astaire and Rogers
1234,butler
1235,homeless
1236,screwball
1237,oil
1238,Nick and Nora Charles
1239,
1240,
1241,
1242,Politics
1243,leopard
1244,
1245,
1246,fugitive
1247,
1248,missionary
1249,
1250,Tennessee Williams
1251,
1252,Hemingway
1253,
1254,
1255,food
1256,
1257,
1258,
1259,
1260,
1261,
1262,
1263,King Arthur
1264,
1265,nanny
1266,
1267,
1268,
1269,
1270,Rogers and Hammerstein
1271,
1272,Music
1273,
1274,
1275,anti-Semitism
1276,governess
1277,fish
1278,Bible
1279,
1280,religion
1281,
1282,
1283,1920s
1284,gangsters
1285,dance
1286,
1287,
1288,
1289,
1290,1960s
1291,Jim Morrison
1292,
1293,
1294,
1295,Navy
1296,1950s
1297,
1298,
1299,aging
1300,Clousseau
1301,
1302,
1303,
1304,boxing
1305,
1306,
1307,
1308,
1309,
1310,
1311,
1312,
1313,
1314,
1315,
1316,
1317,
1318,
1319,
1320,I am your father
1321,
1322,
1323,Inigo Montoya
1324,six-fingered man
1325,
1326,ark of the covenant
1327,
1328,
1329,spaghetti western
1330,
1331,Middle East
1332,brainwashing
1333,Harper Lee
1334,
1335,
1336,
1337,
1338,
1339,
1340,ferris wheel
1341,Venice
1342,zither
1343,
1344,
1345,
1346,Norman Bates
1347,Saturday Night Live
1348,
1349,
1350,
1351,
1352,Mozart
1353,Salieri
1354,
1355,New York
1356,
1357,
1358,
1359,The Entertainer
1360,May-December romance
1361,
1362,death
1363,
1364,
1365,Shakespeare sort of
1366,
1367,
1368,
1369,Simon and Garfunkel
1370,
1371,POW
1372,incest
1373,
1374,Cold
1375,skiing
1376,
1377,
1378,
1379,
1380,
1381,
1382,
1383,
1384,
1385,
1386,
1387,
1388,
1389,
1390,
1391,Nazis
1392,
1393,gunfight
1394,Hammett
1395,
1396,heavy metal
1397,mockumentary
1398,
1399,
1400,Holy Grail
1401,
1402,
1403,E. M. Forster
1404,
1405,
1406,
1407,
1408,baseball
1409,
1410,
1411,
1412,birds
1413,
1414,lawyer
1415,
1416,prom
1417,
1418,vampires
1419,demons
1420,personals ads
1421,
1422,Borg
1423,ex-con
1424,
1425,
1426,Arthur Miller
1427,
1428,
1429,Klingons
1430,Captain Kirk
1431,whales
1432,
1433,
1434,
1435,Shark
1436,shark
1437,sports
1438,
1439,spying
1440,
1441,slasher
1442,
1443,Hawkeye
1444,James Fennimore Cooper
1445,
1446,Conan
1447,Andrew Lloyd Weber
1448,
1449,
1450,
1451,
1452,
1453,
1454,jungle
1455,
1456,Tolstoy
1457,
1458,reunion
1459,
1460,ballroom dance
1461,
1462,dinosaurs
1463,
1464,
1465,transplants
1466,
1467,
1468,
1469,
1470,Police
1471,
1472,1970s
1473,
1474,Queen Victoria
1475,lawyers
1476,Henry James
1477,
1478,
1479,
1480,Amish
1481,alternate universe
1482,
1483,
1484,Savannah
1485,
1486,
1487,
1488,Canada
1489,
1490,shipwreck
1491,
1492,Charles Dickens
1493,
1494,1980s
1495,
1496,
1497,
1498,No DVD at Netflix
1499,
1500,
1501,
1502,conspiracy
1503,
1504,
1505,
1506,
1507,ships
1508,
1509,
1510,Judaism
1511,Huey Long
1512,
1513,Robert Penn Warren
1514,
1515,coulda been a contender
1516,Gangs
1517,
1518,Dickens
1519,
1520,
1521,
1522,
1523,
1524,
1525,Olympics
1526,
1527,
1528,
1529,China
1530,autism
1531,rasicm
1532,Jason
1533,
1534,
1535,
1536,
1537,halloween
1538,
1539,
1540,
1541,
1542,
1543,California
1544,Mexico
1545,
1546,
1547,
1548,
1549,Katzanzakis
1550,
1551,
1552,
1553,
1554,General Motors
1555,Michigan
1556,
1557,
1558,
1559,
1560,
1561,
1562,suburbia
1563,
1564,
1565,
1566,carnival
1567,Ray Bradbury
1568,mermaid
1569,weather forecaster
1570,S.E. Hinton
1571,
1572,Tolkein
1573,
1574,
1575,
1576,mice
1577,
1578,
1579,
1580,
1581,aquarium
1582,Boston
1583,
1584,
1585,
1586,Capone
1587,
1588,
1589,small towns
1590,
1591,train
1592,
1593,
1594,In Your Eyes
1595,Lloyd Dobbler
1596,
1597,
1598,
1599,freaks
1600,
1601,Broadway
1602,
1603,
1604,
1605,
1606,
1607,
1608,
1609,
1610,
1611,
1612,
1613,South America
1614,
1615,
1616,
1617,
1618,Moses
1619,
1620,
1621,
1622,
1623,
1624,
1625,
1626,
1627,e-mail
1628,
1629,doctors
1630,
1631,
1632,
1633,
1634,
1635,
1636,
1637,Hungary
1638,stapler
1639,workplace
1640,
1641,
1642,
1643,
1644,evil children
1645,
1646,Siam
1647,
1648,
1649,
1650,
1651,southern US
1652,golfing
1653,virtual reality
1654,motherhood
1655,prequel
1656,the Force
1657,
1658,
1659,
1660,
1661,
1662,
1663,
1664,alternate endings
1665,Star Trek
1666,spiders
1667,claims to be true
1668,video
1669,
1670,
1671,Ghosts
1672,
1673,
1674,
1675,crucifixion
1676,
1677,slavery
1678,Missionary
1679,Priest
1680,nostalgia
1681,
1682,
1683,
1684,I see dead people
1685,
1686,aviation
1687,
1688,
1689,
1690,
1691,
1692,
1693,Beatles
1694,river
1695,
1696,
1697,
1698,
1699,
1700,Academy award (Best Supporting Actress)
1701,Indonesia
1702,
1703,
1704,
1705,
1706,
1707,nightclub
1708,island
1709,
1710,
1711,
1712,brothers
1713,lawn mower
1714,
1715,
1716,live action/animation
1717,
1718,tobacco
1719,
1720,
1721,dance marathon
1722,
1723,
1724,class
1725,camp
1726,
1727,
1728,
1729,
1730,
1731,
1732,
1733,Up series
1734,Ichabod Crane
1735,
1736,new york
1737,depression
1738,dust bowl
1739,
1740,
1741,
1742,
1743,
1744,
1745,
1746,
1747,Graham Greene
1748,fatherhood
1749,
1750,black-and-white
1751,L.A.
1752,Andy Kaufman
1753,
1754,
1755,
1756,
1757,
1758,
1759,
1760,a dingo ate my baby
1761,
1762,nuns
1763,
1764,plastic surgery
1765,
1766,E.M. Forster
1767,
1768,figure skating
1769,
1770,
1771,
1772,big top
1773,circus
1774,blind
1775,orphans
1776,
1777,
1778,
1779,
1780,
1781,
1782,subway
1783,Peace Corp
1784,
1785,
1786,scandal
1787,
1788,
1789,college
1790,TOGA
1791,
1792,aardman
1793,Insurance
1794,Pearl S Buck
1795,Hepburn and Tracy
1796,interracial marriage
1797,prejudice
1798,
1799,
1800,
1801,factory
1802,pool
1803,
1804,evolution
1805,
1806,
1807,Nick Hornby
1808,Peter Pan
1809,
1810,
1811,
1812,
1813,
1814,
1815,families
1816,psychiatrist
1817,
1818,rabbi
1819,
1820,
1821,Gambling
1822,
1823,
1824,suicide
1825,
1826,business
1827,
1828,Pee Wee Herman
1829,mining
1830,
1831,
1832,
1833,
1834,
1835,
1836,
1837,
1838,
1839,
1840,
1841,missing children
1842,diabetes
1843,
1844,
1845,televangelist
1846,
1847,
1848,
1849,Rolling Stone
1850,blindness
1851,
1852,Dogs
1853,invisibility
1854,
1855,
1856,ballet
1857,
1858,Dr. Seuss
1859,
1860,china
1861,
1862,
1863,stand-up comedy
1864,
1865,
1866,pageant
1867,bluegrass
1868,
1869,
1870,Quakers
1871,psychopaths
1872,
1873,
1874,
1875,
1876,
1877,
1878,
1879,reality TV
1880,Eugene O'Neill
1881,
1882,
1883,
1884,
1885,preacher
1886,
1887,
1888,
1889,virginity
1890,Hannibal Lecter
1891,
1892,von Bulow
1893,
1894,
1895,
1896,Backwards. memory
1897,
1898,singletons
1899,Nabokov
1900,
1901,Union
1902,
1903,fairy tales
1904,
1905,
1906,
1907,
1908,Strangers on a Train
1909,
1910,
1911,
1912,
1913,
1914,accident
1915,
1916,
1917,
1918,
1919,rape
1920,
1921,
1922,
1923,immigrants
1924,
1925,
1926,hippies
1927,
1928,
1929,
1930,
1931,
1932,
1933,
1934,
1935,
1936,
1937,
1938,
1939,
1940,
1941,
1942,prodigies
1943,
1944,
1945,Nuclear disaster
1946,union
1947,
1948,
1949,
1950,Loretta Lynn
1951,
1952,Tradition!
1953,
1954,
1955,
1956,
1957,
1958,Wizards
1959,
1960,
1961,
1962,
1963,
1964,singers
1965,whimsical
1966,
1967,
1968,
1969,
1970,Agatha Christie
1971,
1972,
1973,
1974,
1975,Ghost
1976,Dumas
1977,
1978,
1979,
1980,
1981,
1982,
1983,
1984,
1985,
1986,
1987,
1988,
1989,
1990,
1991,
1992,
1993,
1994,
1995,
1996,
1997,books
1998,
1999,
2000,sisterhood
2001,women
2002,
2003,
2004,Oscar Wilde
2005,
2006,
2007,
2008,
2009,
2010,younger men
2011,AS Byatt
2012,
2013,photography
2014,
2015,
2016,
2017,
2018,
2019,
2020,
2021,
2022,
2023,bombs
2024,
2025,Lou Gehrig
2026,violence in america
2027,pudding
2028,
2029,
2030,made me cry
2031,
2032,
2033,
2034,World War I
2035,art
2036,
2037,teenagers
2038,salute to Douglas Sirk
2039,
2040,
2041,music business
2042,short films
2043,
2044,
2045,
2046,
2047,
2048,
2049,
2050,
2051,
2052,jazz
2053,
2054,
2055,
2056,
2057,planes
2058,
2059,
2060,
2061,
2062,
2063,
2064,
2065,
2066,
2067,
2068,doll
2069,
2070,Chile
2071,
2072,
2073,
2074,
2075,
2076,
2077,
2078,
2079,
2080,
2081,
2082,Stephen Crane
2083,Day and Hudson
2084,
2085,
2086,Stones of Summer
2087,
2088,
2089,
2090,soccer
2091,
2092,animal movie
2093,lions
2094,
2095,
2096,
2097,
2098,
2099,
2100,
2101,
2102,Big Brothers
2103,
2104,
2105,
2106,gangs
2107,Titanic
2108,
2109,
2110,
2111,
2112,
2113,
2114,
2115,
2116,spelling bee
2117,Jean Grey
2118,Magneto
2119,Rogue
2120,
2121,Wolverine
2122,teachers
2123,
2124,trains
2125,
2126,
2127,retro
2128,
2129,
2130,
2131,They Might Be Giants
2132,
2133,
2134,
2135,child abuse
2136,
2137,Ninotchka remake
2138,
2139,
2140,Tokyo
2141,
2142,
2143,
2144,
2145,
2146,
2147,
2148,
2149,
2150,
2151,
2152,Dodie Smith
2153,flood
2154,immigration
2155,
2156,
2157,
2158,
2159,Othello
2160,
2161,cancer
2162,road trip
2163,
2164,
2165,multiple roles
2166,
2167,
2168,
2169,FBI
2170,
2171,terminal illness
2172,con men
2173,
2174,vertriloquism
2175,
2176,
2177,
2178,matchmaker
2179,vampire
2180,
2181,
2182,
2183,
2184,biking
2185,
2186,Lonesome Polecat
2187,
2188,
2189,Watergate
2190,
2191,Food
2192,
2193,domestic violence
2194,werewolf
2195,
2196,
2197,
2198,
2199,
2200,
2201,
2202,
2203,
2204,
2205,
2206,
2207,
2208,
2209,Thanksgiving
2210,
2211,
2212,
2213,Rita Hayworth can dance!
2214,
2215,
2216,
2217,
2218,
2219,
2220,rap
2221,
2222,
2223,
2224,
2225,
2226,saint
2227,
2228,good and evil
2229,
2230,Scott Turow
2231,
2232,
2233,
2234,
2235,
2236,
2237,
2238,
2239,
2240,
2241,
2242,
2243,cattle drive
2244,
2245,
2246,
2247,
2248,
2249,
2250,
2251,Marx brothers
2252,
2253,
2254,opera
2255,
2256,
2257,
2258,
2259,real estate
2260,
2261,
2262,Charlotte Bronte
2263,
2264,
2265,
2266,
2267,truckers
2268,
2269,mountain climbing
2270,
2271,
2272,
2273,
2274,
2275,
2276,Grace
2277,
2278,
2279,
2280,
2281,
2282,
2283,multiple personalities
2284,
2285,
2286,
2287,
2288,
2289,
2290,
2291,deaf
2292,
2293,space station
2294,
2295,
2296,
2297,
2298,
2299,
2300,
2301,MacBeth
2302,
2303,
2304,
2305,
2306,
2307,
2308,
2309,
2310,
2311,Amtrak
2312,Homeless
2313,independent
2314,
2315,Sundance award winner
2316,Train
2317,
2318,
2319,
2320,
2321,
2322,
2323,
2324,
2325,Van Gogh
2326,
2327,
2328,Not available from Netflix
2329,
2330,Anne Boleyn
2331,
2332,
2333,
2334,Clock
2335,Prince
2336,
2337,
2338,convent
2339,
2340,
2341,ogres
2342,
2343,
2344,
2345,
2346,
2347,
2348,
2349,
2350,
2351,
2352,deafness
2353,
2354,McDonalds
2355,
2356,
2357,
2358,
2359,
2360,
2361,
2362,
2363,Doc Ock
2364,
2365,
2366,
2367,
2368,Cole Porter
2369,
2370,
2371,
2372,
2373,
2374,Stand Up
2375,
2376,
2377,
2378,
2379,
2380,Oscar (Best Supporting Actress)
2381,
2382,
2383,
2384,
2385,parenthood
2386,
2387,stage
2388,wine
2389,
2390,abortion
2391,
2392,
2393,
2394,
2395,Hearst
2396,
2397,
2398,
2399,gold
2400,
2401,
2402,
2403,
2404,
2405,mirrors
2406,
2407,
2408,
2409,donkey
2410,
2411,
2412,
2413,
2414,
2415,
2416,saints
2417,
2418,camels
2419,
2420,
2421,
2422,
2423,
2424,genocide
2425,roald dahl
2426,
2427,Howard Hughes
2428,
2429,
2430,busniess
2431,
2432,
2433,
2434,06 Oscar Nominated Best Movie - Animation
2435,
2436,
2437,
2438,
2439,
2440,
2441,parrots
2442,
2443,
2444,money
2445,
2446,
2447,
2448,
2449,
2450,hip hop
2451,
2452,Firefly
2453,
2454,
2455,
2456,
2457,bears
2458,
2459,
2460,
2461,
2462,
2463,
2464,
2465,
2466,
2467,
2468,
2469,Truman Capote
2470,
2471,
2472,
2473,
2474,
2475,
2476,
2477,
2478,McCarthy hearings
2479,Morrow
2480,
2481,
2482,
2483,
2484,Johnny Cash
2485,
2486,
2487,
2488,
2489,
2490,
2491,
2492,
2493,
2494,
2495,
2496,
2497,villain nonexistent or not needed for good story
2498,
2499,
2500,stop looking at me swan
2501,
2502,androids
2503,
2504,
2505,
2506,
2507,
2508,Philip K. Dick
2509,Scifi masterpiece
2510,
2511,drama
2512,
2513,
2514,
2515,Michael Bay
2516,
2517,
2518,
2519,
2520,GIVE ME BACK MY SON!
2521,It was melodramatic and kind of dumb
2522,Mel Gibson
2523,
2524,
2525,
2526,James Stewart
2527,
2528,
2529,
2530,photographer
2531,
2532,
2533,
2534,eerie
2535,
2536,
2537,neo-noir
2538,
2539,
2540,
2541,
2542,George Lucas
2543,Harrison Ford
2544,
2545,original plot
2546,
2547,
2548,
2549,
2550,
2551,
2552,anti-war
2553,
2554,
2555,visually stunning
2556,cameo:Whoopi Goldberg
2557,
2558,
2559,
2560,best comedy
2561,Chris Klein
2562,dumb
2563,Jason Biggs
2564,not funny
2565,pizza beer
2566,Seann William Scott
2567,teen
2568,
2569,
2570,
2571,
2572,
2573,
2574,
2575,
2576,dialogue
2577,guns
2578,Jesse Ventura
2579,macho
2580,
2581,
2582,
2583,comics
2584,father-son relationship
2585,
2586,unique
2587,
2588,
2589,
2590,creativity
2591,
2592,free to download
2593,imagination
2594,no dialogue
2595,
2596,mental hospital
2597,
2598,
2599,Well Done
2600,
2601,
2602,
2603,
2604,
2605,
2606,
2607,crappy sequel
2608,first was much better
2609,
2610,
2611,
2612,
2613,love
2614,
2615,
2616,
2617,
2618,M. Night Shyamalan
2619,
2620,
2621,big budget
2622,
2623,Halle Berry
2624,
2625,bad
2626,disappointing
2627,faerie tale
2628,fairy tale
2629,far fetched
2630,
2631,Paul Giamatti
2632,costume drama
2633,Edward Norton
2634,magic
2635,
2636,
2637,
2638,
2639,
2640,Michael Cera
2641,nerds
2642,self discovery
2643,shenanigans
2644,
2645,
2646,alone in the world
2647,
2648,
2649,last man on earth
2650,
2651,
2652,
2653,
2654,
2655,
2656,notable soundtrack
2657,
2658,teenage pregnancy
2659,
2660,
2661,Colin Farrell
2662,
2663,
2664,
2665,
2666,Ralph Fiennes
2667,
2668,movies about movies
2669,
2670,
2671,
2672,
2673,
2674,Coen Bros
2675,
2676,
2677,
2678,George Clooney
2679,John Malkovich
2680,
2681,twists & turns
2682,weird
2683,2D animation
2684,
2685,
2686,
2687,joss whedon
2688,Nathan Fillion
2689,Neil Patrick Harris
2690,
2691,Andy Samberg
2692,
2693,bromantic
2694,
2695,Jaime Pressly
2696,Jason Segel
2697,masculinity
2698,
2699,2001-like
2700,Sci-fi
2701,solitude
2702,
2703,
2704,
2705,
2706,too many characters
2707,
2708,lack of development
2709,lack of story
2710,quick cuts
2711,
2712,Simon Pegg
2713,
2714,space travel
2715,
2716,
2717,
2718,
2719,
2720,
2721,FIGHTING THE SYSTEM
2722,franchise
2723,new composer
2724,
2725,
2726,
2727,
2728,Recap
2729,
2730,
2731,needed more autobots
2732,
2733,ridiculous
2734,Shia LaBeouf
2735,stop using useless characters for filler
2736,artistic
2737,Funny
2738,
2739,inspiring
2740,intelligent
2741,
2742,
2743,Zooey Deschanel
2744,intelligent sci-fi
2745,bad humor
2746,bad science
2747,futuristic
2748,graphic design
2749,James Cameron
2750,
2751,poor dialogue
2752,
2753,superficial plot
2754,unoriginal
2755,white guilt
2756,
2757,
2758,
2759,geeky
2760,
2761,
2762,video games
2763,male nudity
2764,action choreography
2765,Horrid characterisation
2766,Poor plot development
2767,
2768,
2769,passion
2770,
2771,
2772,
2773,
2774,
2775,
2776,
2777,
2778,purity of essence
2779,Slim Pickens
2780,Deep Throat
2781,Dan Aykroyd
2782,enjoyable
2783,bubba gump shrimp
2784,lieutenant dan
2785,stupid is as stupid does
2786,
2787,biography
2788,
2789,
2790,
2791,
2792,
2793,
2794,
2795,philosophy
2796,post apocalyptic
2797,depressing
2798,
2799,cheating
2800,
2801,
2802,lies
2803,smart
2804,
2805,
2806,memory loss
2807,
2808,sad
2809,
2810,Denzel Washington
2811,
2812,
2813,
2814,robbery
2815,small time criminals
2816,casino
2817,
2818,
2819,hotel
2820,Las Vegas
2821,
2822,
2823,
2824,
2825,
2826,
2827,
2828,
2829,
2830,
2831,
2832,complicated
2833,dead wife
2834,
2835,
2836,intellectual
2837,
2838,
2839,
2840,
2841,
2842,
2843,
2844,
2845,
2846,too much love interest
2847,
2848,
2849,economics
2850,investor corruption
2851,
2852,truth
2853,Captain America
2854,silly
2855,
2856,superhero team
2857,bank
2858,big corporations
2859,
2860,
2861,financial crisis
2862,Kevin Spacey
2863,realistic
2864,
2865,Wall Street
2866,
2867,
2868,interesting scenario
2869,
2870,cia
2871,
2872,Thrilling
2873,
2874,
2875,cliche characters
2876,long shots
2877,
2878,Simple
2879,slow action
2880,
2881,hostage
2882,ocean
2883,
2884,Stock Market
2885,
2886,
2887,fun
2888,off-beat comedy
2889,
2890,
2891,bittersweet
2892,
2893,heartwarming
2894,touching
2895,
2896,
2897,existentialism
2898,philosophical
2899,
2900,
2901,Quirky
2902,
2903,confrontational
2904,earnest
2905,
2906,great screenplay
2907,gritty
2908,Motivational
2909,
2910,
2911,cerebral
2912,
2913,
2914,reflective
2915,
2916,chilly
2917,
2918,menacing
2919,
2920,oninous
2921,
2922,
2923,
2924,
2925,avant-garde romantic comedy
2926,elegiac
2927,melancholy
2928,
2929,wry
2930,artsy
2931,
2932,
2933,enigmatic
2934,
2935,
2936,
2937,
2938,
2939,
2940,
2941,
2942,
2943,beautiful
2944,
2945,
2946,Heartwarming
2947,poignant
2948,
2949,tear jerker
2950,tearjerking
2951,
2952,gentle
2953,
2954,lyrical
2955,
2956,downbeat
2957,
2958,
2959,crazy
2960,
2961,
2962,
2963,
2964,great cinematography
2965,
2966,easygoing
2967,
2968,art house
2969,
2970,
2971,cryptic
2972,
2973,
2974,
2975,
2976,fucked up
2977,gruesome
2978,
2979,Insane
2980,
2981,strange
2982,
2983,
2984,
2985,somber
2986,
2987,Beautiful
2988,
2989,dreamy
2990,elegant
2991,heartbreaking
2992,intimate
2993,loneliness
2994,long takes
2995,longing
2996,melancholic
2997,
2998,moody
2999,nocturnal
3000,romantic
3001,Unique
3002,
3003,
3004,
3005,
3006,"""artsy"""
3007,
3008,
3009,
3010,
3011,
3012,
3013,
3014,
3015,
3016,
3017,
3018,
3019,
3020,
3021,
3022,
3023,
3024,
3025,anger
3026,awkward
3027,
3028,
3029,
3030,
3031,
3032,symbolism
3033,
3034,unconventional
3035,
3036,wistful
3037,
3038,
3039,grim
3040,
3041,
3042,tragedy
3043,tragic
3044,
3045,
3046,Depressing
3047,
3048,
3049,
3050,meditative
3051,
3052,
3053,purposefulness
3054,
3055,bleak
3056,
3057,
3058,harsh
3059,
3060,
3061,
3062,
3063,haunting
3064,inhumane
3065,
3066,arthouse
3067,
3068,
3069,
3070,
3071,colourful
3072,
3073,
3074,
3075,
3076,happpiness
3077,humane
3078,insightful
3079,
3080,lovely
3081,
3082,mind-bending
3083,
3084,
3085,quirky romantic
3086,
3087,
3088,surrealism
3089,
3090,
3091,
3092,
3093,
3094,
3095,
3096,
3097,symbolic
3098,bizarre
3099,
3100,
3101,
3102,
3103,
3104,
3105,twisted
3106,
3107,
3108,
3109,trippy
3110,
3111,
3112,
3113,
3114,
3115,
3116,
3117,
3118,
3119,
3120,
3121,
3122,
3123,
3124,character study
3125,
3126,intense
3127,
3128,
3129,
3130,abstract
3131,
3132,
3133,
3134,
3135,
3136,
3137,
3138,
3139,
3140,
3141,
3142,
3143,
3144,
3145,
3146,
3147,
3148,
3149,
3150,
3151,
3152,
3153,
3154,
3155,
3156,
3157,
3158,
3159,
3160,
3161,
3162,
3163,
3164,
3165,
3166,
3167,
3168,great humor
3169,
3170,
3171,
3172,
3173,
3174,beautiful cinematography
3175,beautifully filmed
3176,
3177,
3178,philosopical
3179,
3180,
3181,
3182,
3183,
3184,
3185,
3186,
3187,
3188,
3189,
3190,
3191,
3192,
3193,
3194,
3195,
3196,
3197,
3198,
3199,fatalistic
3200,cheeky
3201,
3202,colorful
3203,
3204,
3205,imaginative
3206,
3207,bad dialogue
3208,philosophical issues
3209,
3210,
3211,adorable
3212,
3213,Eccentric
3214,introspection
3215,
3216,
3217,
3218,
3219,
3220,
3221,Great Visuals
3222,
3223,unlikely hero
3224,
3225,
3226,bizzare
3227,
3228,
3229,
3230,
3231,
3232,
3233,
3234,slick
3235,
3236,
3237,
3238,Dark
3239,
3240,Sad
3241,Visually appealing
3242,
3243,
3244,
3245,
3246,
3247,
3248,
3249,
3250,
3251,understated
3252,
3253,
3254,
3255,
3256,
3257,
3258,
3259,
3260,Visually Striking
3261,
3262,tension
3263,
3264,
3265,Moving
3266,contemplative
3267,
3268,
3269,
3270,
3271,
3272,Witty
3273,Existential
3274,
3275,
3276,
3277,nightmare
3278,
3279,
3280,
3281,
3282,
3283,
3284,beautiful visuals
3285,Cerebral
3286,
3287,good cinematography
3288,
3289,
3290,
3291,
3292,
3293,
3294,
3295,
3296,
3297,
3298,
3299,predictible plot
3300,
3301,Suspenseful
3302,brilliant
3303,
3304,
3305,
3306,
3307,
3308,
3309,
3310,
3311,
3312,
3313,allegorical
3314,uncomfortable
3315,unsettling
3316,
3317,
3318,bad music
3319,
3320,Sinbad
3321,
3322,
3323,
3324,seen at the cinema
3325,Not Seen
3326,good
3327,
3328,
3329,
3330,
3331,
3332,
3333,really bad
3334,
3335,
3336,
3337,
3338,Great movie
3339,Wesley Snipes
3340,not seen
3341,
3342,
3343,
3344,BEST PICTURE
3345,
3346,
3347,steve carell
3348,HORRIBLE ACTING
3349,
3350,
3351,
3352,
3353,assassins
3354,awkward romance
3355,
3356,
3357,
3358,
3359,French
3360,
3361,Gary Oldman
3362,great acting
3363,Guns
3364,
3365,
3366,
3367,
3368,
3369,Lolita theme
3370,
3371,
3372,Luc Besson
3373,Natalie Portman
3374,
3375,
3376,police corruption
3377,
3378,
3379,
3380,
3381,
3382,1990s
3383,achronological
3384,
3385,action packed
3386,aggressive
3387,amazing
3388,amazing dialogues
3389,anthology
3390,
3391,
3392,AWESOME
3393,bad ass
3394,bad language
3395,bad-ass
3396,bible
3397,biblical references
3398,big boys with guns
3399,big name actors
3400,Black comedy
3401,black humor
3402,black humour
3403,blood
3404,blood splatters
3405,
3406,bruce willis
3407,
3408,casual violence
3409,character development
3410,
3411,
3412,classic movie
3413,coke
3414,
3415,conversation
3416,cool
3417,cool style
3418,
3419,crime scene scrubbing
3420,
3421,cult classic
3422,
3423,
3424,dancing
3425,
3426,
3427,
3428,
3429,different
3430,diner
3431,disjointed timeline
3432,
3433,
3434,drug overdose
3435,
3436,drugs & music
3437,
3438,entertaining
3439,entirely dialogue
3440,episodic
3441,exciting
3442,fast paced
3443,fast-paced
3444,film noir
3445,film-noir
3446,foul language
3447,
3448,
3449,
3450,
3451,genius
3452,golden watch
3453,
3454,good music
3455,gore
3456,
3457,great dialogue
3458,
3459,
3460,
3461,Harvey Keitel
3462,
3463,
3464,
3465,
3466,homosexuality
3467,humour
3468,iconic
3469,
3470,innovative
3471,
3472,
3473,
3474,
3475,intertwining storylines
3476,interwoven storylines
3477,
3478,irony
3479,John Travolta
3480,killer-as-protagonist
3481,los angeles
3482,
3483,
3484,meaningless violence
3485,milkshake
3486,mobster
3487,mobsters
3488,monologue
3489,motherfucker
3490,multiple stories
3491,
3492,
3493,noir
3494,
3495,non-linear timeline
3496,
3497,nonlinear narrative
3498,nonlinear storyline
3499,nonlinear timeline
3500,
3501,
3502,organised crime
3503,
3504,
3505,
3506,out of order
3507,Palme d'Or
3508,
3509,
3510,pop culture references
3511,
3512,pulp
3513,
3514,
3515,Quotable
3516,r:disturbing violent content including rape
3517,r:disturbing violent images
3518,r:graphic sexuality
3519,r:some violence
3520,r:strong bloody violence
3521,r:strong language
3522,r:sustained strong stylized violence
3523,r:violence
3524,random
3525,
3526,
3527,Roger Avary
3528,royal with cheese
3529,
3530,
3531,
3532,sexy
3533,smart writing
3534,sophisticated
3535,
3536,splatter
3537,
3538,storytelling
3539,
3540,
3541,
3542,
3543,
3544,
3545,travolta
3546,
3547,Uma Thurman
3548,
3549,unpredictable
3550,unusual
3551,
3552,
3553,
3554,
3555,
3556,apes
3557,Arthur C. Clarke
3558,
3559,
3560,
3561,
3562,computer
3563,confusing ending
3564,
3565,Dull
3566,
3567,
3568,
3569,
3570,
3571,
3572,
3573,Oscar (Best Effects - Visual Effects)
3574,
3575,
3576,relaxing
3577,revolutionary
3578,
3579,
3580,setting:space/space ship
3581,slow
3582,slow paced
3583,
3584,
3585,
3586,spacecraft
3587,
3588,superb soundtrack
3589,
3590,technology
3591,tedious
3592,visual
3593,
3594,
3595,bowling
3596,
3597,coen brothers
3598,
3599,
3600,Cult classic
3601,
3602,
3603,deadpan
3604,
3605,
3606,
3607,
3608,
3609,
3610,
3611,John Goodman
3612,Julianne Moore
3613,
3614,marijuana
3615,
3616,
3617,Philip Seymour Hoffman
3618,
3619,ransom
3620,rug
3621,
3622,satirical
3623,
3624,
3625,
3626,
3627,
3628,
3629,challenging
3630,Chuck Palahniuk
3631,
3632,
3633,
3634,consumerism
3635,
3636,
3637,
3638,David Fincher
3639,
3640,double life
3641,
3642,fighting
3643,
3644,
3645,imaginary friend
3646,
3647,
3648,mind-blowing
3649,
3650,
3651,Nudity (Topless)
3652,Palahnuik
3653,
3654,
3655,postmodern
3656,
3657,
3658,psychological thriller
3659,
3660,
3661,
3662,
3663,
3664,societal criticism
3665,
3666,
3667,TERRORISM
3668,
3669,
3670,
3671,
3672,
3673,
3674,
3675,British
3676,Romans
3677,70mm
3678,
3679,for katie
3680,austere
3681,gun fu
3682,heroic bloodshed
3683,Heroic Bloodshed
